,species,mass,Molecular_Weight,GC_Content,AA
0,Aptenodytes forsteri,28.0,42459.602100000004,0.48381452318460194,MAPNLRKSHPLLKMINNSLIDLPTPSNISAWWNFGSLLGICLTTQILTGLLLAMHYTADTTLAFSSVAHTCRNVQYGWLIRNLHANGASFFFICIYLHIGRGFYYGSYLYKETWNTGIILLLTLMATAFVGYVLPWGQMSFWGATVITNLFSAIPYIGQTLVEWTWGGFSVDNPTLTRFFALHFLLPFMIAGLTLIHLTFLHESGSNNPLGIVANSDKIPFHPYYSTKDILGFALMLLPLTTLALFSPNLLGDPENFTPANPLVTPPHIKPEWYFLFAYAILRSIPNKLGGVLALAASVLILFLIPLLHKSKQRTMAFRPLSQLLFWALVANLIILTWVGSQPVEHPFIIIGQLASLTYFTTLLILFPIAGALENKMLNH
1,Aptenodytes patagonicus,13.4,42563.70669999999,0.4969378827646544,MAPNLRKSHPLLKMINNSLIDLPTPSNISAWWNFGSLLGICLTTQILTGLLLAMHYTADTTLAFSSVAHTCRNVQYGWLIRNLHANGASFFFICIYLHIGRGFYYGSYLYKETWNTGIILLLTLMATAFVGYVLPWGQMSFWGATVITNLFSAIPYIGQTLVEWAWGGFSVDNPTLTRFFALHFLLPFMIAGLTLIHLTFLHESGSNNPLGIVANSDKIPFHPYYSTKDTLGFALMLLPLTTLALFSPNLLGDPENFTPANPLVTPPHIKPEWYFLFAYAILRSIPNKLGGVLALAASVLILFLIPLLHKSKQRTMTFRPLSQLLFWTLVANLTILTWIGSQPVEHPFIIIGQLASLTYFTILLILFPLIGTLENKMLNH
2,Eudyptes chrysocome,2.8,42475.5753,0.5118110236220472,MAPNLRKSHPLLKTINNSLIDLPTPSNISAWWNFGSLLGICLATQILTGLLLAAHYTADTTLAFSSVAHTCRNVQYGWLIRNLHANGASFFFICIYLHIGRGLYYGSYLYKETWNTGIILLLTLMATAFVGYVLPWGQMSFWGATVITNLFSAIPYIGQTLVEWAWGGFSVDNPTLTRFFTLHFLLPFMIAGLTLIHLTFLHESGSNNPLGIVANSDKIPFHPYYSTKDILGFILLLLPLTTLALFSPNLLGDPENFTPANPLVTPPHIKPEWYFLFAYAILRSIPNKLGGVLALAASVLILFLIPLLHKSKQRTMTFRPLSQLLFWTLVANLTILTWIGSQPVEHPFIIIGQLASLTYFTILLILFPLIGTLENKMLNH
3,Eudyptes chrysolophus,4.5,42445.54929999999,0.5091863517060368,MAPNLRKSHPLLKTINNSLIDLPTPSNISAWWNFGSLLGICLATQILTGLLLAAHYTADTTLAFSSVAHTCRNVQYGWLIRNLHANGASFFFICIYLHIGRGLYYGSYLYKETWNTGIILLLTLMATAFVGYVLPWGQMSFWGATVITNLFSAIPYIGQTLVEWAWGGFSVDNPTLTRFFTLHFLLPFMIAGLTLIHLTFLHESGSNNPLGIVANSDKIPFHPYYSTKDILGFILLLLPLTALALFSPNLLGDPENFTPANPLVTPPHIKPEWYFLFAYAILRSIPNKLGGVLALAASVLILFLIPLLHKSKQRTMTFRPLSQLLFWTLVANLTILTWIGSQPVEHPFIIIGQLASLTYFTILLILFPLIGTLENKMLNH
4,Eudyptes sclateri,4.25,42475.5753,0.5083114610673666,MAPNLRKSHPLLKTINNSLIDLPTPSNISAWWNFGSLLGICLATQILTGLLLAAHYTADTTLAFSSVAHTCRNVQYGWLIRNLHANGASFFFICIYLHIGRGLYYGSYLYKETWNTGIILLLTLMATAFVGYVLPWGQMSFWGATVITNLFSAIPYIGQTLVEWAWGGFSVDNPTLTRFFTLHFLLPFMIAGLTLIHLTFLHESGSNNPLGIVANSDKIPFHPYYSTKDILGFILLLLPLTTLALFSPNLLGDPENFTPANPLVTPPHIKPEWYFLFAYAILRSIPNKLGGVLALAASVLILFLIPLLHKSKQRTMTFRPLSQLLFWTLVANLTILTWIGSQPVEHPFIIIGQLASLTYFTILLILFPLIGTLENKMLNH
5,Eudyptula minor,1.6,42491.64080000001,0.4925634295713036,MAPNLRKSHPLLKMINNSLIDLPTPSNISTWWNFGSLLGICLITQILTGLLLAAHYTADTTLAFSSIAHTCRNVQYGWLIRNLHANGASFFFICIYLHIGRGLYYGSYLYKETWNTGIILLITLMATAFVGYVLPWGQMSFWGATVITNLFSAIPYIGQTLVEWAWGGFSVDNPTLTRFFALHFLLPFMITGLTLIHLTFLHESGSNNPLGIVANSDKIPFHPYYSTKDILGFILLLLPLTTLALFSPNLLGDPENFTPANPLVTPPHIKPEWYFLFAYAILRSIPNKLGGVLALAASVLILFLIPLLHKSKQRSMAFRPLSQLLFWTLVANLTILTWVGNQPVEHPFIIIGQLASLTYFTILLILFPLAGTLENKMLSH
6,Pygoscelis adeliae,4.6,42458.61400000001,0.49081364829396323,MAPNLRKSHPLLKMINNSLIDLPTPSNISAWWNFGSLLGICLTTQILTGLLLAMHYTADTTLAFSSIAHTCRDVQYGWLIRNLHANGASFFFICIYLHIGRGLYYGSYLYKETWNTGIILLLTLMATAFVGYVLPWGQMSFWGATVITNLFSAIPYIGQTLVEWAWGGFSVDNPTLTRFFALHFLLPFVIMGLTLIHLTFLHESGSNNPLGIVANSDKIPFHPYYSTKDILGFAFMLLPLTTLALFSPNLLGDPENFTPANPLVTPPHIKPEWYFLFAYAILRSIPNKLGGVLALAASVLILFLIPLLHKSKQRTMAFRPLSQLLFWALVANLAILTWVGSQPVEHPFIIIGQLASLTYFTILLILFPSIGALENKMLNH
7,Pygoscelis antarctica,4.1,42404.54230000001,0.4776902887139108,MAPNLRKSHPLLKMINNSLIDLPTPSNISAWWNFGSLLGICLTTQILTGLLLAMHYTADTTLAFSSIAHTCRDVQYGWLIRNMHANGASLLFICIYLHIGRGVYDGSYLHKETWNTGVILLLTLMATAFVGYVLPWGQMSFWGATVITNLFSAIPYIGQTIVEWAWGGFSVDNPTLTRFFALHFLLPFMITGLTLIHLTFLHESGSNNPLGIVANSDKIPFHPYYSTKDILGFTLMLLPLTTLALFSPNLLGDPENFTPANPLVTPPHIKPEWYFLFAYAILRSIPNKLGGVLALAASVLVLFLSPLLHKSKQRTMAFRPLSQLLFWTLVANLLILTWIGSQPVEHPFIIIGQLASTTYFIILLILFPITSALENKMLNF
8,Pygoscelis papua,6.1,42595.87590000001,0.4715660542432196,MAPNLRKSHPLLKMINKSLIDLPTPPNISAWWNFGSLLGICLITQILTGLLLAMHYTADTTLAFSSIAHTCRNVQYGWLIRNLHANGASFFFICIYFHIGRGLYYGSYLYKETWNTGIILLLTLMATAFVGYVLPWGQMSFWGATVITNLFSAIPYVGQTLVEWAWGGFSVDNPTLTRFFALHFLLPFMITGLTLIHLTFLHESGSNNPLGIVANSDKIPFHPYYSTKDILGFALMLLPLTTLALFSPNLLGDPENFTPANPLVTPPHIKPEWYFLFAYAILRSIPNKLGGVLALAASVLILFLSPLLHKSKQRTMAFRPLSQLLFWTLVANLLILTWIGSQPVEHPFIIIGQLASTTYFIILLILFPITSALENKMLNF
9,Spheniscus demersus,3.2,42431.54900000002,0.48293963254593175,MAPNLRKSHPLLKTINNSLIDLPTPSNISAWWNFGSLLGICLATQILTGLLLAAHYTADTTLAFSSVAHMCRNVQYGWLIRNLHANGASFFFICIYLHIGRGLYYGSYLYKETWNTGIILLLTLMATAFVGYVLPWGQMSFWGATVITNLFSAIPYIGQTLVEWAWGGFSVDNPTLTRFFALHFLLPFMITGLTLIHLTFLHESGSNNPLGIVANSDKIPFHPYYSTKDILGFMLLLLPLTTLALFSPNLLGDPENFTPANPLVTPPHIKPEWYFLFAYAILRSIPNKLGGVLALAASVLILFLMPLLHKSKQRTMAFRPLSQLLFWTLVANLIILTWIGSQPVEHPFIAIGQLASFTYFTTLLILFPLAGALENKMLNH
10,Spheniscus humboldti,4.75,42399.55200000001,0.4925634295713036,MAPNLRKSHPLLKTINNSLIDLPTPSNISAWWNFGSLLSICLATQILTGLLLAAHYTADTTLAFSSVAHMCRNVQYGWLIRNLHANGASFFFICIYLHIGRGLYYGSYLHKETWNTGIILLLTLMATAFVGYVLPWGQMSFWGATVITNLFSAIPYIGQTLVEWAWGGFSVDNPTLTRFFALHFLLPFMITGLALIHLTFLHESGSNNPLGIVANSDKIPFHPYYSTKDILGFMLLLLPLTTLALFSPNLLGDPENFTPANPLVTPPHIKPEWYFLFAYAILRSIPNKLGGVLALAASVLILFLMPLLHKSKQRTMAFRPLSQLLFWTLVANLIILTWVGSQPVEHPFIIIGQLASLTYFTTLLILFPLAGALENKMLNH
11,Spheniscus magellanicus,3.4,42459.60210000002,0.4820647419072616,MAPNLRKSHPLLKTINNSLIDLPTPSNISAWWNFGSLLGICLATQILTGLLLAAHYTADTTLAFSSVAHMCRNVQYGWLIRNLHANGASFFFICIYLHIGRGLYYGSYLYKETWNTGIILLLTLMATAFVGYVLPWGQMSFWGATVITNLFSAIPYIGQTLVEWAWGGFSVDNPTLTRFFALHFLLPFMITGLTLIHLTFLHESGSNNPLGIVANSDKIPFHPYYSTKDILGFMLLLLPLTTLALFSPNLLGDPENFTPANPLVTPPHIKPEWYFLFAYAILRSIPNKLGGVLALAASVLILFLMPLLHKSKQRTMAFRPLSQLLFWTLVANLIILTWVGSQPVEHPFIIIGQLASFTYFTTLLILFPLAGALENKMLNH
